course_name,unit_name,lesson_name,video_file_path,original_url,m3u8_url,note_file_path,error
30 Day Beginner Challenge _ Guitar Club,Unit 4 - The Nitty Gritty,Major Chord Theory,./30 Day Beginner Challenge _ Guitar Club/Unit 4 - The Nitty Gritty/Major Chord Theory.mp4,https://www.guitarclub.io/courses/30-day-beginner-challenge/the-nitty-gritty/major-chord-theory,https://customer-kqpudb4pzashaseu.cloudflarestream.com/eyJhbGciOiJSUzI1NiIsImtpZCI6IjA5ZmM5NjJlMzI3MzZmMDNjZWI1N2QzMzdjMTM5ZjQ5In0.eyJzdWIiOiIyMTRmYjczODE2NWRkNjhlNmM4YzA3M2E4MTA3YjY5NSIsImtpZCI6IjA5ZmM5NjJlMzI3MzZmMDNjZWI1N2QzMzdjMTM5ZjQ5IiwiZXhwIjoxNzQ4NDA5NTMxLCJkb3dubG9hZGFibGUiOmZhbHNlLCJhY2Nlc3NSdWxlcyI6W3sidHlwZSI6ImFueSIsImFjdGlvbiI6ImFsbG93In1dfQ.cwAZfzDijtAfMmyKM7EN0q6lRnhJshafoXDOVQ_9sUkQeQEiQJpKhiEzOyRr32m-vgUV1BQcsXFtGx2UzLfOvi5pvR99PSQZ6jfO0VQfR9J0gbWB_s4MmWbJh78kOf1dqtljmJ4Qx3zi4uI3sfzbqT0T6TqivbQO-A21BP8jSGHJS92P6pp_eqDhNG-eWXnuVGnYxiuZhJI5YGtkJK81qAha1I4-KwrEIkuJG3zyAUNhdDb6xw---bx6ORzpvEWX2BsXsDgOzJWEDKQ-Ku40zEwIhtRH6oH0uUHuTga8bkPdYTd2A6Wu870Sg2OKg5Zfo643QLmd83IOAG4RHnZtRQ/manifest/video.m3u8,./30 Day Beginner Challenge _ Guitar Club/Unit 4 - The Nitty Gritty/Major Chord Theory lesson note.pdf,Download timed out after 300 seconds
30 Day Beginner Challenge _ Guitar Club,Unit 4 - The Nitty Gritty,Moving The Pentatonic,./30 Day Beginner Challenge _ Guitar Club/Unit 4 - The Nitty Gritty/Moving The Pentatonic.mp4,https://www.guitarclub.io/courses/30-day-beginner-challenge/the-nitty-gritty/moving-the-pentatonic,https://customer-kqpudb4pzashaseu.cloudflarestream.com/eyJhbGciOiJSUzI1NiIsImtpZCI6IjA5ZmM5NjJlMzI3MzZmMDNjZWI1N2QzMzdjMTM5ZjQ5In0.eyJzdWIiOiJiYzdjMDZlMGViOTBjZjI0YzBmODA4ODNmYWMwMGJjNiIsImtpZCI6IjA5ZmM5NjJlMzI3MzZmMDNjZWI1N2QzMzdjMTM5ZjQ5IiwiZXhwIjoxNzQ4NDA5ODM5LCJkb3dubG9hZGFibGUiOmZhbHNlLCJhY2Nlc3NSdWxlcyI6W3sidHlwZSI6ImFueSIsImFjdGlvbiI6ImFsbG93In1dfQ.oQMtK6008Jy8tiMXnA2VpgI-DfM_kgpx9TwNukXUfe5YWoFKUa87vgke2gdrBlfYSdNoUDVIOgp7Sn8zLBem4F0ETDrt2AqILhLVz1-mjzpqWa5c_WnGU7u-ds_zaQ1FP1yLc1oG1Ks_l3YpWUkS--LGdFs3YKlZZM5Iie42F86iP3B4VzHCq-vQW7ZzUpg_TptpiK0wFsC1KBurhC8j1mpiT0xryUUqzQKixFUnmScyxTw6O0IH0WMXLiRHIgWt9XfdNeeIBzrXYzKcAkNxsO_eBh-sGwi18EIeqCpvU-E_cTJUXbljQzzSS_wDySre-34zsGMigLDZUGeGEyzbBw/manifest/video.m3u8,./30 Day Beginner Challenge _ Guitar Club/Unit 4 - The Nitty Gritty/Moving The Pentatonic lesson note.pdf,Download timed out after 300 seconds
30 Day Beginner Challenge _ Guitar Club,Unit 5 - Second Song,The Verse,./30 Day Beginner Challenge _ Guitar Club/Unit 5 - Second Song/The Verse.mp4,https://www.guitarclub.io/courses/30-day-beginner-challenge/second-song/the-verse-1,https://customer-kqpudb4pzashaseu.cloudflarestream.com/eyJhbGciOiJSUzI1NiIsImtpZCI6IjA5ZmM5NjJlMzI3MzZmMDNjZWI1N2QzMzdjMTM5ZjQ5In0.eyJzdWIiOiJkYzNmOWQ3NGI2ZmJiMGQzZGUwYmViMzhhYjlmZTRkNiIsImtpZCI6IjA5ZmM5NjJlMzI3MzZmMDNjZWI1N2QzMzdjMTM5ZjQ5IiwiZXhwIjoxNzQ4NDEwMzc4LCJkb3dubG9hZGFibGUiOmZhbHNlLCJhY2Nlc3NSdWxlcyI6W3sidHlwZSI6ImFueSIsImFjdGlvbiI6ImFsbG93In1dfQ.Eh6wrph_4i-yhslc0VCPpHUNrb5PEi-6XdP05YtF8GbtWEd_SONdpy6hnzihP20YaCMgBFP4IA1a81MWYQ21PvSHpHE7XOEYu9BDkDTu561fe2bI740N9XkrH4z4cG9oT_DyFA59ZPd0_yqXk2a1TF1S011x08WiQk4MXVjI92j93CJegp738mzGbM0dg4q8eix8hzd6hmMVj2vwhxZjecrvHUrTCB7HvWJhDnR8eLC5ptLtPZLIFbPmLEpf-K2JZrMkRskkYuiLWd_Ia7hE13EKSbUnY0mb-oqYpBwRuPXNMVqK2N7ZatV2mBjvjFP6c1mH4JiIkPuIy5yRNr2zwA/manifest/video.m3u8,./30 Day Beginner Challenge _ Guitar Club/Unit 5 - Second Song/The Verse lesson note.pdf,Download timed out after 300 seconds
30 Day Beginner Challenge _ Guitar Club,Unit 5 - Second Song,The Solo,./30 Day Beginner Challenge _ Guitar Club/Unit 5 - Second Song/The Solo.mp4,https://www.guitarclub.io/courses/30-day-beginner-challenge/second-song/the-solo,https://customer-kqpudb4pzashaseu.cloudflarestream.com/eyJhbGciOiJSUzI1NiIsImtpZCI6IjA5ZmM5NjJlMzI3MzZmMDNjZWI1N2QzMzdjMTM5ZjQ5In0.eyJzdWIiOiI4ZGRhMDlkNWNjYjAxNGRlNTMzYzk5NDJkMDM1ZmZiOCIsImtpZCI6IjA5ZmM5NjJlMzI3MzZmMDNjZWI1N2QzMzdjMTM5ZjQ5IiwiZXhwIjoxNzQ4NDEwOTUzLCJkb3dubG9hZGFibGUiOmZhbHNlLCJhY2Nlc3NSdWxlcyI6W3sidHlwZSI6ImFueSIsImFjdGlvbiI6ImFsbG93In1dfQ.J61WrkPpkDDJeZW-sfRA8SsuAvkUECpC0r5PijyRwiCDUvHFXGYwKq1RTC4YcVfwZgYAoj8hEKJ0GX1v0-Mofv0uTq0BHHGNGEk8B04LOw1FkzhKrlfxR3BzpCtLPlMYbVSGQN-TDduBIVPBKTGwkNiTQaasAaId4OdeldzZNHRL3KOaIF1JLU9s01GsIZ7FQJ6jmxvkaERkKugchWt7UTgmPoHZWcw9-WQ1F8jqxSerbom0eocHeLFveFG2pAuqLDPNhyOui3kEUVQIprev4Q95f971fe17ZL2zt_AhHCNCFXyGx6tDEG6LdOoJo0DX-6bRUhVy2DrvKMAVGvPPXw/manifest/video.m3u8,./30 Day Beginner Challenge _ Guitar Club/Unit 5 - Second Song/The Solo lesson note.pdf,Download timed out after 300 seconds
30 Day Beginner Challenge _ Guitar Club,Unit 5 - Second Song,Putting It All Together,./30 Day Beginner Challenge _ Guitar Club/Unit 5 - Second Song/Putting It All Together.mp4,https://www.guitarclub.io/courses/30-day-beginner-challenge/second-song/putting-it-all-together,https://customer-kqpudb4pzashaseu.cloudflarestream.com/eyJhbGciOiJSUzI1NiIsImtpZCI6IjA5ZmM5NjJlMzI3MzZmMDNjZWI1N2QzMzdjMTM5ZjQ5In0.eyJzdWIiOiIwZjkzOTg4NTk4OWIxYWUzYjY1YzgyYjdlMmEyYjVhZSIsImtpZCI6IjA5ZmM5NjJlMzI3MzZmMDNjZWI1N2QzMzdjMTM5ZjQ5IiwiZXhwIjoxNzQ4NDExMjYxLCJkb3dubG9hZGFibGUiOmZhbHNlLCJhY2Nlc3NSdWxlcyI6W3sidHlwZSI6ImFueSIsImFjdGlvbiI6ImFsbG93In1dfQ.rK0HzI91ntIlPD_wVc9W4Ozg123GlZXN5V-I1rFjmCqTPCqIYGzrWEZlLeC1pGMsG4NMfhC-ovd4QKqLKRQSc3r3App5K5idun2wsIn7rTZyPDwR5NFNd9ovVB-HNl3BsADYGwEt-Ir7PREIyifq17y4d3yypE5RAd4z9Fy_-mKCRtrl3CC2aYt4Zh5r0vnbuFZZUGkrGHIJVTSlKOVpW0EV_y5fKRJqTggJy0mFCn1NALdVNSRzM0n2IBLCrZPlanZ4-_FMQo6ZN0QTM59GgwMMVWtD1bT73ymgN9RLsoTGnQB2P6RB_iLmxp83VP-0-RXpITkgjao_-wdJU9WU7A/manifest/video.m3u8,./30 Day Beginner Challenge _ Guitar Club/Unit 5 - Second Song/Putting It All Together lesson note.pdf,Download timed out after 300 seconds
30 Day Beginner Challenge _ Guitar Club,Unit 6 - Getting Ready,New Chords,./30 Day Beginner Challenge _ Guitar Club/Unit 6 - Getting Ready/New Chords.mp4,https://www.guitarclub.io/courses/30-day-beginner-challenge/getting-ready/new-chords,https://customer-kqpudb4pzashaseu.cloudflarestream.com/eyJhbGciOiJSUzI1NiIsImtpZCI6IjA5ZmM5NjJlMzI3MzZmMDNjZWI1N2QzMzdjMTM5ZjQ5In0.eyJzdWIiOiIyYThlYmE5NGQ1MTFlYzAzZjY0OGRhNDdmODRkMGYzMiIsImtpZCI6IjA5ZmM5NjJlMzI3MzZmMDNjZWI1N2QzMzdjMTM5ZjQ5IiwiZXhwIjoxNzQ4NDExODYwLCJkb3dubG9hZGFibGUiOmZhbHNlLCJhY2Nlc3NSdWxlcyI6W3sidHlwZSI6ImFueSIsImFjdGlvbiI6ImFsbG93In1dfQ.FrLZ9IWQ61QVs_4FBRUfPdegshuCDPo8EvaZO3R_-ALFpmTSY2h7Tv6Ds4nXPEoXdwmxNMsBrMhSur7oolQB9Zoo1wJuzf5n8O7M9ZUhT4ycg-p99iRRwTyXDHjSD6SOMvA7HzxbVsT7JDFzAZscPRvdI1PUKv8xcvxstSXHbez-tjg_0A-M0IuTe1VQJbMDWng-jbFHWlt9Y6YZJ8SRc1cS-dNwtHvqVQ3mNiF58DERXu9goxuhb6jlapng9MINecsvW44Vz0WZcf--yO2GhBvVMc-XVZ7moGfiF-0UK_JiTblQa1ILrLNk0BgxL2gaHN5yaik8-dRf_vkyYVJvHw/manifest/video.m3u8,./30 Day Beginner Challenge _ Guitar Club/Unit 6 - Getting Ready/New Chords lesson note.pdf,Download timed out after 300 seconds
30 Day Beginner Challenge _ Guitar Club,Unit 6 - Getting Ready,Swung Vs Straight,./30 Day Beginner Challenge _ Guitar Club/Unit 6 - Getting Ready/Swung Vs Straight.mp4,https://www.guitarclub.io/courses/30-day-beginner-challenge/getting-ready/swung-vs-straight,https://customer-kqpudb4pzashaseu.cloudflarestream.com/eyJhbGciOiJSUzI1NiIsImtpZCI6IjA5ZmM5NjJlMzI3MzZmMDNjZWI1N2QzMzdjMTM5ZjQ5In0.eyJzdWIiOiJmMzIxMDNlZDZkYTQ0Y2M0NjMwODFhNTliYzQyNjM1MSIsImtpZCI6IjA5ZmM5NjJlMzI3MzZmMDNjZWI1N2QzMzdjMTM5ZjQ5IiwiZXhwIjoxNzQ4NDEyMTY4LCJkb3dubG9hZGFibGUiOmZhbHNlLCJhY2Nlc3NSdWxlcyI6W3sidHlwZSI6ImFueSIsImFjdGlvbiI6ImFsbG93In1dfQ.b25iWvr0VBYO9tnk4qwMRRD2yR3VKq5gC9DBzA-b7-MB5rlERrUe4Q677hRie8-9uniAnYlZ7go3l-eZpkxfBmb8aFjoC7i4C3Vv7AiNwu8xahqSEePwbrq7YzHPBSZW8e2ZiN1cRTb36j5lwhhQPHe6ldf9dDeYDDEewJLag6pcFz1JiEPFRHm1ZcRDZ5Fei04N7emhkUzneMhNlfSnyUQDEueA9QxHyPApSOBZKIwvgFLGlCE1eSYtpyz4e6_B-XCbryAkJAOF0yB24C7KnnsW9Nr4W7BpFjWQ9bbdbm4dztfCr7CUbLeoUHV_Be3dZkgJQ4ADYlQLwmKrsh_tMw/manifest/video.m3u8,./30 Day Beginner Challenge _ Guitar Club/Unit 6 - Getting Ready/Swung Vs Straight lesson note.pdf,Download timed out after 300 seconds
30 Day Beginner Challenge _ Guitar Club,Unit 6 - Getting Ready,Chord Challenge,./30 Day Beginner Challenge _ Guitar Club/Unit 6 - Getting Ready/Chord Challenge.mp4,https://www.guitarclub.io/courses/30-day-beginner-challenge/getting-ready/chord-challenge,https://customer-kqpudb4pzashaseu.cloudflarestream.com/eyJhbGciOiJSUzI1NiIsImtpZCI6IjA5ZmM5NjJlMzI3MzZmMDNjZWI1N2QzMzdjMTM5ZjQ5In0.eyJzdWIiOiJkOGM0ZTFmYTY5ZGE0YTU5NTdjYTU2YmQwMzE0NjRlMyIsImtpZCI6IjA5ZmM5NjJlMzI3MzZmMDNjZWI1N2QzMzdjMTM5ZjQ5IiwiZXhwIjoxNzQ4NDEyNDc2LCJkb3dubG9hZGFibGUiOmZhbHNlLCJhY2Nlc3NSdWxlcyI6W3sidHlwZSI6ImFueSIsImFjdGlvbiI6ImFsbG93In1dfQ.XzsjD4b7IsZyIJjfEvVRqWqQkVcGK_DGkgCFiU2fQX9CCA1Ew-PQ0Wsgx7LuPsNdaSyse521oUxH7dYNPjAi_MfZFXdbLGkyVPTNgQff34oqQ6SaIMNY6wEivnzWJk3U-hpioqDTRNxKUQob_zgiNwd6qvm6psl-18IkPZ6egSK9vB11_eAKWeskNUqCVmtzzzb_auzYeQi0rDA__dKAfQnP8UPuag_r7QfGh_I8OU9wn2oOMJC9vTVia4_VvtyC90sm0vlJm-zPTWmB8r6RdpcMNP7sqVswVzBamL4ycscgQnhemiQ6yHayn7E0EP-LcW-xE3OS6J_nuVn37DQakg/manifest/video.m3u8,./30 Day Beginner Challenge _ Guitar Club/Unit 6 - Getting Ready/Chord Challenge lesson note.pdf,Download timed out after 300 seconds
30 Day Beginner Challenge _ Guitar Club,Unit 6 - Getting Ready,Practice Routine,./30 Day Beginner Challenge _ Guitar Club/Unit 6 - Getting Ready/Practice Routine.mp4,https://www.guitarclub.io/courses/30-day-beginner-challenge/getting-ready/practice-routine,https://customer-kqpudb4pzashaseu.cloudflarestream.com/eyJhbGciOiJSUzI1NiIsImtpZCI6IjA5ZmM5NjJlMzI3MzZmMDNjZWI1N2QzMzdjMTM5ZjQ5In0.eyJzdWIiOiI5MTRkYzMwODUxZmVjODk5MjVlZmQ2ZjgzOGEwODg5NSIsImtpZCI6IjA5ZmM5NjJlMzI3MzZmMDNjZWI1N2QzMzdjMTM5ZjQ5IiwiZXhwIjoxNzQ4NDEyNzg0LCJkb3dubG9hZGFibGUiOmZhbHNlLCJhY2Nlc3NSdWxlcyI6W3sidHlwZSI6ImFueSIsImFjdGlvbiI6ImFsbG93In1dfQ.jVJMLZ_OvVskM6u1ZZqKfdADBmb5euQXZKC0e32lWouq0jDwRSgV0Jn10GqSM8kKtS_PU3LqDLc9w-axTjIItcHw-Y68yy0ZANVYQk8KFLWEEDoz8D87guxq86_Uw_sNzwnZwZc1y23T0A0SQe-i3pm-jzNLgq57924-iZdUBfpoAzi2cyqVt5ZUYU--MOGQhePkNKpeuIzCvn413ZHUEBp7o-GpTfiWlUtHRy8dKFOE2oVFuu61M4FxHS7CBe7jUxSgf_LH2Fh-cSH9pRH1HN0QY4I1-5XTkRyF0bCRO4EhDzEf42mmCIfku8r1uXvUsVIFDsgEPVUFLl9Ep1csow/manifest/video.m3u8,./30 Day Beginner Challenge _ Guitar Club/Unit 6 - Getting Ready/Practice Routine lesson note.pdf,Download timed out after 300 seconds
Acoustic Fingerstyle Level 1 _ Guitar Club,Unit 1 - 4_ 5 _ 6 Strings,4 String Chords,./Acoustic Fingerstyle Level 1 _ Guitar Club/Unit 1 - 4_ 5 _ 6 Strings/4 String Chords.mp4,https://www.guitarclub.io/courses/acoustic-fingerstyle-level-1/unit-1-4-5-and-6-strings/4-string-chords,https://customer-kqpudb4pzashaseu.cloudflarestream.com/eyJhbGciOiJSUzI1NiIsImtpZCI6IjA5ZmM5NjJlMzI3MzZmMDNjZWI1N2QzMzdjMTM5ZjQ5In0.eyJzdWIiOiI5NWM1NWVjMzA0NjUzZTE3NDk0NGNjZDJlMGJjZjcxYSIsImtpZCI6IjA5ZmM5NjJlMzI3MzZmMDNjZWI1N2QzMzdjMTM5ZjQ5IiwiZXhwIjoxNzQ4NDMzMTMyLCJkb3dubG9hZGFibGUiOmZhbHNlLCJhY2Nlc3NSdWxlcyI6W3sidHlwZSI6ImFueSIsImFjdGlvbiI6ImFsbG93In1dfQ.nWxZaAkwdz87AjpTistm0ICGn40qaZW6DvO-yG_VHhmn-q2tJ64pE7b6zwoKIGTQHPxP8qghbkkvtb-7Za3BZ5WzpTq1rbF1uy2iRiJhsMTT7j6RTZPJ6P2slrGEd6KGKNsFy4jJKtO2GfSZdYyBlUBvQRryZOf9aHe4aKeJOU_HUvabai1wE4dHg96rbPUe8FfbcOrxyf_scY-IDG8_RggZGeMpCnVo7JbAnwhR3FvZGxzZqZwRaMvl4aKbZ5wYYDPs8wWJr6lQ61TLMkH4C67mypHxiYRwvhnFdgJavmh8B0_L7LAgmXzeI-iXbytX0ewRy7lhdg66YC5el-df6A/manifest/video.m3u8,./Acoustic Fingerstyle Level 1 _ Guitar Club/Unit 1 - 4_ 5 _ 6 Strings/4 String Chords lesson note.pdf,Download timed out after 300 seconds
Acoustic Fingerstyle Level 1 _ Guitar Club,Unit 1 - 4_ 5 _ 6 Strings,5 String Chords,./Acoustic Fingerstyle Level 1 _ Guitar Club/Unit 1 - 4_ 5 _ 6 Strings/5 String Chords.mp4,https://www.guitarclub.io/courses/acoustic-fingerstyle-level-1/unit-1-4-5-and-6-strings/5-string-chords,https://customer-kqpudb4pzashaseu.cloudflarestream.com/eyJhbGciOiJSUzI1NiIsImtpZCI6IjA5ZmM5NjJlMzI3MzZmMDNjZWI1N2QzMzdjMTM5ZjQ5In0.eyJzdWIiOiJhNDY0MDZhZmQzNWY2YmFiYTM0ZTJjZTg1ODBiNTUzNCIsImtpZCI6IjA5ZmM5NjJlMzI3MzZmMDNjZWI1N2QzMzdjMTM5ZjQ5IiwiZXhwIjoxNzQ4NDMzNDQxLCJkb3dubG9hZGFibGUiOmZhbHNlLCJhY2Nlc3NSdWxlcyI6W3sidHlwZSI6ImFueSIsImFjdGlvbiI6ImFsbG93In1dfQ.Vg-O-vH9AjrIlElviTMf4XqpoV-uDUpgV0E6pbvp3vKlav-jvuBa-UTIh7LqBB610ztEBEWvKkcBgAk5LcjXg6uSFWz5E3v20wiCd2rPybzzVDGAOzxmm8sJJdarEuEO0n4FOMTbhsl2RNzy4q6Zp_Tc3i1r9Z1Y5fe_5HE0-vtBEjmGbcpRQY4PHCxhj9A2VYj2dx41D4_drDaB2brs0vPUiqCBEZNPaD7hgr7TjTEbzn6fY3olv3KqFeRuJDJUdz-akxb2JSo1FTCapmoB3Nlx77KHJoeXme5UW4yf5NLn2mSdMj8jX_4o1Rw7-szXN7V3VYrYUGluO76zLC7FFA/manifest/video.m3u8,./Acoustic Fingerstyle Level 1 _ Guitar Club/Unit 1 - 4_ 5 _ 6 Strings/5 String Chords lesson note.pdf,Download timed out after 300 seconds
Acoustic Fingerstyle Level 1 _ Guitar Club,Unit 1 - 4_ 5 _ 6 Strings,All Together,./Acoustic Fingerstyle Level 1 _ Guitar Club/Unit 1 - 4_ 5 _ 6 Strings/All Together.mp4,https://www.guitarclub.io/courses/acoustic-fingerstyle-level-1/unit-1-4-5-and-6-strings/all-together-acoustic-fingerstyle-lesson-3,https://customer-kqpudb4pzashaseu.cloudflarestream.com/eyJhbGciOiJSUzI1NiIsImtpZCI6IjA5ZmM5NjJlMzI3MzZmMDNjZWI1N2QzMzdjMTM5ZjQ5In0.eyJzdWIiOiI1YTljODlkNTFlMWFkZmQ5MjgzNmI0Y2E1MjVlMmY5ZSIsImtpZCI6IjA5ZmM5NjJlMzI3MzZmMDNjZWI1N2QzMzdjMTM5ZjQ5IiwiZXhwIjoxNzQ4NDM0MDA5LCJkb3dubG9hZGFibGUiOmZhbHNlLCJhY2Nlc3NSdWxlcyI6W3sidHlwZSI6ImFueSIsImFjdGlvbiI6ImFsbG93In1dfQ.n96mYNZ4Yk6AS5ibfvAr4-oy3xjWREJCztBYfnE2ChWE2IkiYPBTdYZ33qtfDad11AdnCdvCVALfbNHq2RiJi8emYgzUBoEi1nqYtdSNmeB7ETq-qWn2PF3BIMqk4jgkV4oWss_wwMsQkPeQtpE96nA5k6SQCWxx76WFB5iNdDv-YNpoGSpd2mR7mUP4eYxBunpJY-cQ-oCLo0MBacDlJMpl5Ww-XGvfleIxBxT1AQrencu8S2aYfGA30v7J3CRllUvYgioY4l4NwiIOpYObM0Ek9MWjttUHk17SkcSV9ubDcPWoL6EU2r8M9nAXK86O-3V1GMkfa0DKPO1BuYku7g/manifest/video.m3u8,./Acoustic Fingerstyle Level 1 _ Guitar Club/Unit 1 - 4_ 5 _ 6 Strings/All Together lesson note.pdf,Download timed out after 300 seconds
Acoustic Fingerstyle Level 1 _ Guitar Club,Unit 2 - Folky Fingerstyle,Inversions,./Acoustic Fingerstyle Level 1 _ Guitar Club/Unit 2 - Folky Fingerstyle/Inversions.mp4,https://www.guitarclub.io/courses/acoustic-fingerstyle-level-1/unit-2-folky-fingerstyle/inversions,https://customer-kqpudb4pzashaseu.cloudflarestream.com/eyJhbGciOiJSUzI1NiIsImtpZCI6IjA5ZmM5NjJlMzI3MzZmMDNjZWI1N2QzMzdjMTM5ZjQ5In0.eyJzdWIiOiIzOGFmN2JkYThlZmMxN2ZkNzkyMzk3NjdmZGQ3ZTM4NCIsImtpZCI6IjA5ZmM5NjJlMzI3MzZmMDNjZWI1N2QzMzdjMTM5ZjQ5IiwiZXhwIjoxNzQ4NDM0NTc2LCJkb3dubG9hZGFibGUiOmZhbHNlLCJhY2Nlc3NSdWxlcyI6W3sidHlwZSI6ImFueSIsImFjdGlvbiI6ImFsbG93In1dfQ.ouvddw-qVM4XyTY06WtDLq6J0zgGTiDZUln-0kKH4biz7g_rgttA8KclxY1B6ZOkQbIZUJWjQO_WDK2UofZiiONGKrvTCqzMQwIv6Ai8e4U_bKNPUusr4mnpvCvnzYhDv-HFdBBX--prNpo3--Dwq6Sic5F-Z9_9afogl0Gz0QyOCCrPrEwB4lfufOHctPNHR9Mqq6jgmMwTfYikOGIunNEGRiYNe-80RNx2TCbLYi6ZOW7v2wtWPe3VsoKiejiocRArC3tKDtO7L-t_QLu6PDAIYhXCanB1NMKHiv6SMR5ymDABkT-JUX02jGdEqPeqPiWfZIad3QoRWb73Lbnx7w/manifest/video.m3u8,./Acoustic Fingerstyle Level 1 _ Guitar Club/Unit 2 - Folky Fingerstyle/Inversions lesson note.pdf,Download timed out after 300 seconds
Acoustic Fingerstyle Level 1 _ Guitar Club,Unit 2 - Folky Fingerstyle,Folky Fingerstyle,./Acoustic Fingerstyle Level 1 _ Guitar Club/Unit 2 - Folky Fingerstyle/Folky Fingerstyle.mp4,https://www.guitarclub.io/courses/acoustic-fingerstyle-level-1/unit-2-folky-fingerstyle/folky-fingerstyle,https://customer-kqpudb4pzashaseu.cloudflarestream.com/eyJhbGciOiJSUzI1NiIsImtpZCI6IjA5ZmM5NjJlMzI3MzZmMDNjZWI1N2QzMzdjMTM5ZjQ5In0.eyJzdWIiOiI2ZjZmYmNhMDFkMjdmMWMyNjNmYzE4ZGE2NmViMDAzMiIsImtpZCI6IjA5ZmM5NjJlMzI3MzZmMDNjZWI1N2QzMzdjMTM5ZjQ5IiwiZXhwIjoxNzQ4NDM0ODg0LCJkb3dubG9hZGFibGUiOmZhbHNlLCJhY2Nlc3NSdWxlcyI6W3sidHlwZSI6ImFueSIsImFjdGlvbiI6ImFsbG93In1dfQ.GcHtLb0cGFvtB5BXlxMiVltdgJpJj7RALypZDCADsLjS7xC2XPvc_-q_k7I8uFn9dEkHISQdPjp5oR7OL8LUmJuDsNpuewhBzGQefgXIFETn6DV7w2E5kiZ9HPD9hx3Ie2v0L2mjgijHFcX4XBWY12ZKIkyiGxZzkgmg1Sh2zxBQizhLmFDLw0bQMKiBbG9NIRW-VBuys6PKUnRM-NDjvNalp1tAt4vf9h77J1u73K6Xir6YuxkQFfZeGSPBfYXaPRTR65sW8K2_8h9m7nhHVw7iC75WLoEV8sHnPdkkQfHD5BbGdRlH44K804bFQoEnnBWA9scy9782o193hMNtqw/manifest/video.m3u8,./Acoustic Fingerstyle Level 1 _ Guitar Club/Unit 2 - Folky Fingerstyle/Folky Fingerstyle lesson note.pdf,Download timed out after 300 seconds
Acoustic Fingerstyle Level 1 _ Guitar Club,Unit 2 - Folky Fingerstyle,All Together,./Acoustic Fingerstyle Level 1 _ Guitar Club/Unit 2 - Folky Fingerstyle/All Together.mp4,https://www.guitarclub.io/courses/acoustic-fingerstyle-level-1/unit-2-folky-fingerstyle/all-together-acoustic-fingerstyle-lesson-5,https://customer-kqpudb4pzashaseu.cloudflarestream.com/eyJhbGciOiJSUzI1NiIsImtpZCI6IjA5ZmM5NjJlMzI3MzZmMDNjZWI1N2QzMzdjMTM5ZjQ5In0.eyJzdWIiOiI1Zjc1Y2ZkYjEwZTljNjZlOGU5ZDM5NTE5ZDc2NjBjMiIsImtpZCI6IjA5ZmM5NjJlMzI3MzZmMDNjZWI1N2QzMzdjMTM5ZjQ5IiwiZXhwIjoxNzQ4NDM1NjgwLCJkb3dubG9hZGFibGUiOmZhbHNlLCJhY2Nlc3NSdWxlcyI6W3sidHlwZSI6ImFueSIsImFjdGlvbiI6ImFsbG93In1dfQ.ddSlNSz0LimugSVRbwqt-BRYSiyyJFJPlrAIGp_Bdv-pshQOepnuhbFHKXfRz4ZLMuIFGds49E_Vwt1UlCwq4KDaF4WjLE6zFMmFU4OKyvs0Zlm-Duiu_o9qRUPCvMaLAlnBbWYRfnlk02bj2V4sJXQ1FHnzU_O_-wfmoalRMw9Xw-WD5mO7Bz93xUn6kAy9cd3kXH4wx3vhupxuFbdNFn9miuXjaoM1UNO_B_oPPXmoxOGr1gOtIIxE-icSE0SLc7cUgwQXr-ZLEbEio6dKS2pInwboDlwwK1QqVhULOVgOAWft9wLU1DV4bfbdk_MOlKYEepTQwHUZTZfivsxDMg/manifest/video.m3u8,./Acoustic Fingerstyle Level 1 _ Guitar Club/Unit 2 - Folky Fingerstyle/All Together lesson note.pdf,Download timed out after 300 seconds
Acoustic Fingerstyle Level 1 _ Guitar Club,Unit 3 - Hip Hop Fingerstyle,Open Chord Keys,./Acoustic Fingerstyle Level 1 _ Guitar Club/Unit 3 - Hip Hop Fingerstyle/Open Chord Keys.mp4,https://www.guitarclub.io/courses/acoustic-fingerstyle-level-1/unit-3-hip-hop-fingerstyle/open-chord-keys,https://customer-kqpudb4pzashaseu.cloudflarestream.com/eyJhbGciOiJSUzI1NiIsImtpZCI6IjA5ZmM5NjJlMzI3MzZmMDNjZWI1N2QzMzdjMTM5ZjQ5In0.eyJzdWIiOiJjZTA1YTFkODIwZmIzNjVjZjE0ZTgzNzBjODRjZjQ5NiIsImtpZCI6IjA5ZmM5NjJlMzI3MzZmMDNjZWI1N2QzMzdjMTM5ZjQ5IiwiZXhwIjoxNzQ4NDM1OTg4LCJkb3dubG9hZGFibGUiOmZhbHNlLCJhY2Nlc3NSdWxlcyI6W3sidHlwZSI6ImFueSIsImFjdGlvbiI6ImFsbG93In1dfQ.RUGo_7Z2cMpHyuEGLTpMV6E-yxYncp0uzdhjF_o3U4p4qr0LIhJ2tXZLPMguticoks8KenTJUUl3dbJdyt7h8-9Dej3Moum0VLVVgm3lNTRHlQPFK9yvuHbuz4MZLqvpJx2sULskJraJyl5XVUUNfj4oH8FXcmN834DMU5cVaEyT8OU2nQ_r9_qmA9txh2gWPT0kGYgOd6kbEUGhmDB0ottNGzwTP54CHhkU7IBDarnTBbNeaz9NQt4C43ncXzbHEHS3CVJpT9hGf5i0F5Ofmwl1mMqkGQzV8A3L9k2vkVjnAJ25n-7nn_r5hGpWv2JlsvOMJmlhBeXw7c-1sfVhvQ/manifest/video.m3u8,./Acoustic Fingerstyle Level 1 _ Guitar Club/Unit 3 - Hip Hop Fingerstyle/Open Chord Keys lesson note.pdf,Download timed out after 300 seconds
Acoustic Fingerstyle Level 1 _ Guitar Club,Unit 3 - Hip Hop Fingerstyle,The Capo,./Acoustic Fingerstyle Level 1 _ Guitar Club/Unit 3 - Hip Hop Fingerstyle/The Capo.mp4,https://www.guitarclub.io/courses/acoustic-fingerstyle-level-1/unit-3-hip-hop-fingerstyle/the-capo,https://customer-kqpudb4pzashaseu.cloudflarestream.com/eyJhbGciOiJSUzI1NiIsImtpZCI6IjA5ZmM5NjJlMzI3MzZmMDNjZWI1N2QzMzdjMTM5ZjQ5In0.eyJzdWIiOiI3NTc0ODBjNzRhMWZhMjhlYjFjMWI0MjdkYjdmZDVjNyIsImtpZCI6IjA5ZmM5NjJlMzI3MzZmMDNjZWI1N2QzMzdjMTM5ZjQ5IiwiZXhwIjoxNzQ4NDM2Mjk2LCJkb3dubG9hZGFibGUiOmZhbHNlLCJhY2Nlc3NSdWxlcyI6W3sidHlwZSI6ImFueSIsImFjdGlvbiI6ImFsbG93In1dfQ.qdbTpXPRrq3KcERuXdptUNgAy7aWITBl7JdYdDvAFcxWoW6DBc_qstJ05k7nwjREYnBaqYmE1WL-WIuStPvxb1iMkAqVqOlOajw8-0A9vE7mJ2n7UDJ5b9QRJhE2dptwgnuLaaEVVWKC2Yv8J0z1YNy2IoUdvuODWNRVSQ-9BUPQAiOHTn8bfbuJd8vyS3vCTNBqwW5VS1sWGE27YlZaSgjW3PsINbZiEAyLqDH1EhIK20CkIphqf17WIByylUWNSSz7_nT0q0_Fwz1DcfbkmS3Zek9Mn-mEszzUF2FbDrniy7r4E9XdtAlz5Te4swjKYv4f8fPo_ytpP-A3qA3AKw/manifest/video.m3u8,./Acoustic Fingerstyle Level 1 _ Guitar Club/Unit 3 - Hip Hop Fingerstyle/The Capo lesson note.pdf,Download timed out after 300 seconds
Acoustic Fingerstyle Level 1 _ Guitar Club,Unit 3 - Hip Hop Fingerstyle,Final Chords,./Acoustic Fingerstyle Level 1 _ Guitar Club/Unit 3 - Hip Hop Fingerstyle/Final Chords.mp4,https://www.guitarclub.io/courses/acoustic-fingerstyle-level-1/unit-3-hip-hop-fingerstyle/final-chords,https://customer-kqpudb4pzashaseu.cloudflarestream.com/eyJhbGciOiJSUzI1NiIsImtpZCI6IjA5ZmM5NjJlMzI3MzZmMDNjZWI1N2QzMzdjMTM5ZjQ5In0.eyJzdWIiOiI3OGMyOTM0NGNhNzQ3OTNiMTFhZjIzMmVhZWM3NDFiYSIsImtpZCI6IjA5ZmM5NjJlMzI3MzZmMDNjZWI1N2QzMzdjMTM5ZjQ5IiwiZXhwIjoxNzQ4NDM3MTQ4LCJkb3dubG9hZGFibGUiOmZhbHNlLCJhY2Nlc3NSdWxlcyI6W3sidHlwZSI6ImFueSIsImFjdGlvbiI6ImFsbG93In1dfQ.WZW2NZLv3aWRWFmALZmigxtXUY0Sb1BcKsGM9cZy4B8JpMjYj-P6G50z7mJTORo3tFE3C3godkzA16eHFb5deuS1zkFU1d33guGD_oCk7bpH_Vpahne-hEHffZBJg2LB8JBlZc3z6hb2sJ_c4azjuyOsxyIt27KXgf4D9kZE5RgVjvQ_Nn1Gdg-da-DlbQ4x0_7xvN7HC7cnCqRZaqGs9GxZ1de8_tmnifT6g1hDyEz9Bg49PLnAUxzuIu_sTe8OL9yr0-e4JWwvN3jWVPhJ4kieZkJTA1R85cWJaUvQhyIJ0RQDUgCUUkZpXDIhgufx-vz9AioNGl4B6s3EEwZX4A/manifest/video.m3u8,./Acoustic Fingerstyle Level 1 _ Guitar Club/Unit 3 - Hip Hop Fingerstyle/Final Chords lesson note.pdf,Download timed out after 300 seconds
Acoustic Fingerstyle Level 1 _ Guitar Club,Unit 4 - Poppy Fingerstyle,Section A,./Acoustic Fingerstyle Level 1 _ Guitar Club/Unit 4 - Poppy Fingerstyle/Section A.mp4,https://www.guitarclub.io/courses/acoustic-fingerstyle-level-1/unit-4-poppy-fingerstyle/section-a-poppy-fingerstyle,https://customer-kqpudb4pzashaseu.cloudflarestream.com/eyJhbGciOiJSUzI1NiIsImtpZCI6IjA5ZmM5NjJlMzI3MzZmMDNjZWI1N2QzMzdjMTM5ZjQ5In0.eyJzdWIiOiI2NDYyMWEyYzc2Y2UyZTQ1YzliODU2ZjU2YTEyYTk5ZSIsImtpZCI6IjA5ZmM5NjJlMzI3MzZmMDNjZWI1N2QzMzdjMTM5ZjQ5IiwiZXhwIjoxNzQ4NDM3NzYxLCJkb3dubG9hZGFibGUiOmZhbHNlLCJhY2Nlc3NSdWxlcyI6W3sidHlwZSI6ImFueSIsImFjdGlvbiI6ImFsbG93In1dfQ.hIwqYGQyoyB27mm98FbZtxk1sXVkoBLdOJfDlkPs3jsNw2_ltmuOFaJcSVtiED-csNbC0I9KmpYgctFLAjE67ZVYjNcnO7T6ytj4S5TG7PDjAqBcaEqyvZsjka1ja6xhsYKNsjQuxy9SUXh3fPrBusarAYMrsgwgNCW5fIwQHl5Lkpzq2_i6T5MnbHm-cSevPuwRRiU9RKRIHzMkl_nOaPYyPKg-nIkPpguwaOITzpFnPqqmT6Wc9YJ5vqV4Vl3Y-FRKUOasEWKhGu-3Er7WvFqfPW1U1y35cQdAPqPMmge5zoPf1bKvb5hMM1bx0rCkg7yhkiXyhhK9VqsTPlpK2w/manifest/video.m3u8,./Acoustic Fingerstyle Level 1 _ Guitar Club/Unit 4 - Poppy Fingerstyle/Section A lesson note.pdf,Download timed out after 300 seconds
Acoustic Fingerstyle Level 1 _ Guitar Club,Unit 4 - Poppy Fingerstyle,Continued,./Acoustic Fingerstyle Level 1 _ Guitar Club/Unit 4 - Poppy Fingerstyle/Continued.mp4,https://www.guitarclub.io/courses/acoustic-fingerstyle-level-1/unit-4-poppy-fingerstyle/continued-poppy-fingerstyle,https://customer-kqpudb4pzashaseu.cloudflarestream.com/eyJhbGciOiJSUzI1NiIsImtpZCI6IjA5ZmM5NjJlMzI3MzZmMDNjZWI1N2QzMzdjMTM5ZjQ5In0.eyJzdWIiOiIyMmJmZDJhNGI5ODY1MjBhODEwMjgzODA5ZmZmZjhlNSIsImtpZCI6IjA5ZmM5NjJlMzI3MzZmMDNjZWI1N2QzMzdjMTM5ZjQ5IiwiZXhwIjoxNzQ4NDM4MDY5LCJkb3dubG9hZGFibGUiOmZhbHNlLCJhY2Nlc3NSdWxlcyI6W3sidHlwZSI6ImFueSIsImFjdGlvbiI6ImFsbG93In1dfQ.sFQItZwSjBvGTiyY2JJzlNbfifDO7DABoiOyL1_KZsCCrLC-YaGlf_Z2TsfJvggZD4pVB_AFOQBta2_HjbPkQZrqRvsYKoVBYkp-tOWFrTyRr30TzD10JLf2rSzk7BFtc8wWOYP74f4CjkucUQOkO4Nx0QSbjW7wDmzXKBxdZyVss1eLpjWQxemjCPSU1N3qOfGidPv19p_dzyen640PkHX4C2_AzbRLWM2OwXqXYlL-fcfDCO1fph-uNG76N0k1zXrvgunmKYiMZsIWinvuldVDhNNOujgD8TMd2sTFazT57qZPeXgkexbeCLmuKqEYGYPwljHdglshBptyMCtSDg/manifest/video.m3u8,./Acoustic Fingerstyle Level 1 _ Guitar Club/Unit 4 - Poppy Fingerstyle/Continued lesson note.pdf,Download timed out after 300 seconds
Acoustic Fingerstyle Level 1 _ Guitar Club,Unit 4 - Poppy Fingerstyle,All Together,./Acoustic Fingerstyle Level 1 _ Guitar Club/Unit 4 - Poppy Fingerstyle/All Together.mp4,https://www.guitarclub.io/courses/acoustic-fingerstyle-level-1/unit-4-poppy-fingerstyle/all-together-poppy-fingerstyle,https://customer-kqpudb4pzashaseu.cloudflarestream.com/eyJhbGciOiJSUzI1NiIsImtpZCI6IjA5ZmM5NjJlMzI3MzZmMDNjZWI1N2QzMzdjMTM5ZjQ5In0.eyJzdWIiOiJkYzI3NzBhNDExMzVkODBlOTAzNTk5NzVlOGYwNDk4YyIsImtpZCI6IjA5ZmM5NjJlMzI3MzZmMDNjZWI1N2QzMzdjMTM5ZjQ5IiwiZXhwIjoxNzQ4NDM4NjY5LCJkb3dubG9hZGFibGUiOmZhbHNlLCJhY2Nlc3NSdWxlcyI6W3sidHlwZSI6ImFueSIsImFjdGlvbiI6ImFsbG93In1dfQ.R3LAxDWMp-rMWq9ZTaNMIy2iZa5gdlrac7nw2o6_mr_3bwi-HLv_64WDt1z8NvR2pX1aQl9BS04fenN0SMR-ZJdrTWbYgr6Gy95XlNY9B4NLjKbDarkHmbNfiyc5ZosrfPZC8BP0qWDyQoSOLchUQCRPVHgEd2paENoZh9nGoLLrDCeMyXk73OiaSm9zZhX6xfrGomD82nKYQxrfQCOdikK3PjZDjK4fOfuxMER9fXLViP90wuiEeFPLW2WF-r-t6xNTneQ7rxio7sX0sX0ufL9ylV2eLGdcw63QZ_LW39J6L7RJiH3WhEyxlBUO3sZ1Ag8C4If75ATQCi_Do45gnA/manifest/video.m3u8,./Acoustic Fingerstyle Level 1 _ Guitar Club/Unit 4 - Poppy Fingerstyle/All Together lesson note.pdf,Download timed out after 300 seconds
Acoustic Fingerstyle Level 2 _ Guitar Club,Unit 1 - The Grab,Section B,./Acoustic Fingerstyle Level 2 _ Guitar Club/Unit 1 - The Grab/Section B.mp4,https://www.guitarclub.io/courses/acoustic-fingerstyle-level-2/unit-1-the-grab/section-b-the-grab,https://customer-kqpudb4pzashaseu.cloudflarestream.com/eyJhbGciOiJSUzI1NiIsImtpZCI6IjA5ZmM5NjJlMzI3MzZmMDNjZWI1N2QzMzdjMTM5ZjQ5In0.eyJzdWIiOiI3YThkZjUyZWRkMjgwOTZhZWI2YTg0ZTUwNGM1MmM4NCIsImtpZCI6IjA5ZmM5NjJlMzI3MzZmMDNjZWI1N2QzMzdjMTM5ZjQ5IiwiZXhwIjoxNzQ4NDQxMzgxLCJkb3dubG9hZGFibGUiOmZhbHNlLCJhY2Nlc3NSdWxlcyI6W3sidHlwZSI6ImFueSIsImFjdGlvbiI6ImFsbG93In1dfQ.SfXZgfmGDQKFMTJTWHiQjqjohNmXm8_9CsTqNytgVDC6cJoctBbi-RPi4Z5nBT726u8ppkfpY8-frMufy3oJpvXQZ_tC41KJft7UKDm2ckBAfPJt6dqUQOBanawT0Mk0XNP7EOJXZ0AOnVDcClkRhSbdIel753HmmERRoF3cyXjlY1Bfj7-pIDIKCwhyQsoPN8U2aQePLCwinIrhFeQrV_kGekg2ji5P2F7-i28D61pMZGni70BQwL7JgqCTZqv_wpJ_6MgwZAga4wu6XG5d_JUNWbJTcgampjIb_YOvmA88amrNSFALMspQfpLiXRdxsJro1HHuKhe_K9L2MX4RUA/manifest/video.m3u8,./Acoustic Fingerstyle Level 2 _ Guitar Club/Unit 1 - The Grab/Section B lesson note.pdf,Download timed out after 300 seconds
Acoustic Fingerstyle Level 2 _ Guitar Club,Unit 2 - The Sweep,More Chords,./Acoustic Fingerstyle Level 2 _ Guitar Club/Unit 2 - The Sweep/More Chords.mp4,https://www.guitarclub.io/courses/acoustic-fingerstyle-level-2/unit-2-the-sweep/more-chords-the-sweep,https://customer-kqpudb4pzashaseu.cloudflarestream.com/eyJhbGciOiJSUzI1NiIsImtpZCI6IjA5ZmM5NjJlMzI3MzZmMDNjZWI1N2QzMzdjMTM5ZjQ5In0.eyJzdWIiOiJlNThlNmY1Y2EyNzAwZmNhM2I2OTNkMzU4N2Y3NjMwNiIsImtpZCI6IjA5ZmM5NjJlMzI3MzZmMDNjZWI1N2QzMzdjMTM5ZjQ5IiwiZXhwIjoxNzQ4NDQyNzYxLCJkb3dubG9hZGFibGUiOmZhbHNlLCJhY2Nlc3NSdWxlcyI6W3sidHlwZSI6ImFueSIsImFjdGlvbiI6ImFsbG93In1dfQ.jgzvuBPjG_a9qrkTCNcJFS-txiTJ-dgkoH91t1Z7vE_Jcy83Lya12BxvFimOro2bzjat7HGXN144gcTFpgQX-ESbUeHAQW6lfOyMNcID3x33VAfnwov6S-KsdHRB8Zg2Rli15yEGvk_P4VJXWeVp0eruxgkRsFKIP4zG_OyuXbsIXgjrnEjYyA1-pW79Wd8KCT4mBOBbqaMRrnxud3WDJQMs8hni9IXYwQJUgcaZSm9qOj4NnTqdOWTrVw1TMaLlVdzTlJv0-I8d2UUCLmVnuDbJzMDiDswt0hXbtFQxUYSAcGSOAkscpP_7_yo6Q_3pjoiKClToBxOQ25Mi4LrAgA/manifest/video.m3u8,./Acoustic Fingerstyle Level 2 _ Guitar Club/Unit 2 - The Sweep/More Chords lesson note.pdf,Download timed out after 300 seconds
Acoustic Fingerstyle Level 2 _ Guitar Club,Unit 2 - The Sweep,The Whole,./Acoustic Fingerstyle Level 2 _ Guitar Club/Unit 2 - The Sweep/The Whole.mp4,https://www.guitarclub.io/courses/acoustic-fingerstyle-level-2/unit-2-the-sweep/the-whole-the-sweep,https://customer-kqpudb4pzashaseu.cloudflarestream.com/eyJhbGciOiJSUzI1NiIsImtpZCI6IjA5ZmM5NjJlMzI3MzZmMDNjZWI1N2QzMzdjMTM5ZjQ5In0.eyJzdWIiOiJhMDUzNjc4ZmZhYTk2NjhmN2IyNTQxODhhNDg3ZTk3OSIsImtpZCI6IjA5ZmM5NjJlMzI3MzZmMDNjZWI1N2QzMzdjMTM5ZjQ5IiwiZXhwIjoxNzQ4NDQzMDY5LCJkb3dubG9hZGFibGUiOmZhbHNlLCJhY2Nlc3NSdWxlcyI6W3sidHlwZSI6ImFueSIsImFjdGlvbiI6ImFsbG93In1dfQ.N186XldvYCOikedARgE6Px27iGzaYhSvg93tkIXBlBdTooCVoqg-RG_Bj9qNtJkHkuiKyOW5sJ6ZUcyieNWEVFFhCfK5vqplfAzoj6lzVc5Z112Qqp6nsFFU37U7H2svIYb_l6cx6RcQZo0mBTPUy_rEAVM6FcYR7hhnvYk5YWxBtc6eOhqUuIr-l4TLPbbuvFssyW1rEbZXSgBmB7luDVhnoX8vfiSxcLC8z5xDhswYQiDqd53iQNPY6_Xf5rpoXkAj01EYfF9HklS1RyEqN1z1PqQVkaffGD1NsgxK-mbjCZlPeQWnndE59C0GMOFxvh-OzoZFP47ka_CmINg8JQ/manifest/video.m3u8,./Acoustic Fingerstyle Level 2 _ Guitar Club/Unit 2 - The Sweep/The Whole lesson note.pdf,Download timed out after 300 seconds
Acoustic Fingerstyle Level 2 _ Guitar Club,Unit 3 - The Slap,The B Section,./Acoustic Fingerstyle Level 2 _ Guitar Club/Unit 3 - The Slap/The B Section.mp4,https://www.guitarclub.io/courses/acoustic-fingerstyle-level-2/unit-3-the-slap/section-b-the-slap,https://customer-kqpudb4pzashaseu.cloudflarestream.com/eyJhbGciOiJSUzI1NiIsImtpZCI6IjA5ZmM5NjJlMzI3MzZmMDNjZWI1N2QzMzdjMTM5ZjQ5In0.eyJzdWIiOiJhNDM4MTczZTAzNmY4NGU0YjIyMTJlYTM0Zjc4YjE5NSIsImtpZCI6IjA5ZmM5NjJlMzI3MzZmMDNjZWI1N2QzMzdjMTM5ZjQ5IiwiZXhwIjoxNzQ4NDQ0MDg1LCJkb3dubG9hZGFibGUiOmZhbHNlLCJhY2Nlc3NSdWxlcyI6W3sidHlwZSI6ImFueSIsImFjdGlvbiI6ImFsbG93In1dfQ.b9lbJvgy6dvLjkoG2LmMgaWM-biSWIMkscJfzURVWfFnX8L9LFJiZCGfAz91MJFwO71kNylSnp283zB2DO7rgFau3UidrdO8U1Sjhg6MSmzCZpu1-7Z3Z4VNRLACoZosiUjUFzkZTz94nrjPCIyonRtylRe_SzPVxaob4R57PJdhYg30fq3TRBztd5aGE1I51Ktki1uJ_9zXZWUzQh4lylz8gHksu0-gcOJ1NaUfYA3rhZajyn8sbwHvLv8KIsHx7RQ-dzLKk7pXBobaXLLzEstT5Cu5Fo_2R2dfDF-tSTu_PQePLPOF6JIONrvKzVAiYqaCJrRjpDVQw9lcfVsTWg/manifest/video.m3u8,./Acoustic Fingerstyle Level 2 _ Guitar Club/Unit 3 - The Slap/The B Section lesson note.pdf,Download timed out after 300 seconds
Acoustic Fingerstyle Level 2 _ Guitar Club,Unit 4 - The Melody Maker,Section A,./Acoustic Fingerstyle Level 2 _ Guitar Club/Unit 4 - The Melody Maker/Section A.mp4,https://www.guitarclub.io/courses/acoustic-fingerstyle-level-2/unit-4-the-melody-maker/section-a-melody-maker,https://customer-kqpudb4pzashaseu.cloudflarestream.com/eyJhbGciOiJSUzI1NiIsImtpZCI6IjA5ZmM5NjJlMzI3MzZmMDNjZWI1N2QzMzdjMTM5ZjQ5In0.eyJzdWIiOiJlYzc3MDY3Yjc3MjZmZGQ5MjljMGQ0YjI3ODAxYjRmNCIsImtpZCI6IjA5ZmM5NjJlMzI3MzZmMDNjZWI1N2QzMzdjMTM5ZjQ5IiwiZXhwIjoxNzQ4NDQ0NjM3LCJkb3dubG9hZGFibGUiOmZhbHNlLCJhY2Nlc3NSdWxlcyI6W3sidHlwZSI6ImFueSIsImFjdGlvbiI6ImFsbG93In1dfQ.nrFt_TFSwevPuL3DikmQL6eXwi-RZ-TbSoPKd9kay0kw-ODDKt2cP1rxA9OQQ_kxyA_Rf2icm4wyje_a4BYLkLWKjwKQWQedBqky3dmKH6AUAoE7W0EDDIC2a8XgAxhnhJ5KcL3OsEs21TwaGVpfVG4NyxZ_KRk5p1yUaF24nEKXMVHzZH61YK7E1qjOk2DuglYvWrtFyXXoV876o-rH13Vw06J0EcW3okTPI8GDnMzf78Mi9y9gnDEE_mO9UDj1YENZTsUtAmoLVa42h3y3OW5ra7NdY2DwlbFD-xo7yjTJZg08AVjXeiIT_cnByWWjouhLOU0zytEor2oiWWkr3A/manifest/video.m3u8,./Acoustic Fingerstyle Level 2 _ Guitar Club/Unit 4 - The Melody Maker/Section A lesson note.pdf,Download timed out after 300 seconds
Acoustic Fingerstyle Level 3 _ Guitar Club,Unit 1 - Chord Breakout,Big To Little Chords,./Acoustic Fingerstyle Level 3 _ Guitar Club/Unit 1 - Chord Breakout/Big To Little Chords.mp4,https://www.guitarclub.io/courses/acoustic-fingerstyle-level-3/unit-1-chord-breakout/big-to-little-chords,https://customer-kqpudb4pzashaseu.cloudflarestream.com/eyJhbGciOiJSUzI1NiIsImtpZCI6IjA5ZmM5NjJlMzI3MzZmMDNjZWI1N2QzMzdjMTM5ZjQ5In0.eyJzdWIiOiJiZjhlZTQyZWNkOTNmMTBmOWY0NGI2ZThjNmQ3ODZhZiIsImtpZCI6IjA5ZmM5NjJlMzI3MzZmMDNjZWI1N2QzMzdjMTM5ZjQ5IiwiZXhwIjoxNzQ4NDQ1OTY3LCJkb3dubG9hZGFibGUiOmZhbHNlLCJhY2Nlc3NSdWxlcyI6W3sidHlwZSI6ImFueSIsImFjdGlvbiI6ImFsbG93In1dfQ.lSRs25p8FsRLLD1ehT5njSuIayAWvzI_bLslnPQTlfBCgXpK3AeSDDrTTPT4pxbMAScrRtSPeh2EVbWC_9JzFOPka76o2enhsXeRERdOAESxrsLslU9utj0c32YlT9IrhbTQ0rTyxfrZulIlQIJTBmsSAb1BHMX_8atCEU0q8kLd62iB3-J_-rUfij86-YEGHyp08RilW3sSf46xTDzYC6z4jhAuyJ42lwxmxqFl8H155Gwr6bY06jObMnclm7pux55FN4b0nX7YWz5qYRFb957NiOL3_KAXVjryIm8NnIXcPLoHeVKhOM9tfWlmQNEXiKDD0e22pO_d_Cfazzw--g/manifest/video.m3u8,./Acoustic Fingerstyle Level 3 _ Guitar Club/Unit 1 - Chord Breakout/Big To Little Chords lesson note.pdf,Download timed out after 300 seconds
Acoustic Fingerstyle Level 3 _ Guitar Club,Unit 1 - Chord Breakout,Section A,./Acoustic Fingerstyle Level 3 _ Guitar Club/Unit 1 - Chord Breakout/Section A.mp4,https://www.guitarclub.io/courses/acoustic-fingerstyle-level-3/unit-1-chord-breakout/section-a-chord-breakout,https://customer-kqpudb4pzashaseu.cloudflarestream.com/eyJhbGciOiJSUzI1NiIsImtpZCI6IjA5ZmM5NjJlMzI3MzZmMDNjZWI1N2QzMzdjMTM5ZjQ5In0.eyJzdWIiOiIyOTM5ODdmNzQ4M2Y4MmQzODBjYWU1YWVlOTcxZTFiMSIsImtpZCI6IjA5ZmM5NjJlMzI3MzZmMDNjZWI1N2QzMzdjMTM5ZjQ5IiwiZXhwIjoxNzQ4NDQ2Mjc2LCJkb3dubG9hZGFibGUiOmZhbHNlLCJhY2Nlc3NSdWxlcyI6W3sidHlwZSI6ImFueSIsImFjdGlvbiI6ImFsbG93In1dfQ.fe7v1LPKJSrQxab6-qLJzFH-BoGrLmjJqT66E9lh4a-Q_S1n4X20E31WeW8n0GgaFTBY4exfL10_0U7tavJSDQO25tn2fqunPZaf2oM4tFEIvepKw6NUo6PumZ_02lKy69gbPgs1c9xl9F8gCR7zwAs-qZtD4SaUGJejykB8084vGrUQ2hVQlSBmDrAL0iQ8KzUCJM5kVNdBivjHPCYmYFy0g242SEmcDS8ahmTjfJ-lxzgbzMVbmKD352dwc4Um27lVkHVKWF0j-mAY2W_8ygfsqw5egq3BoIfoZc4wa7TfaimnHWeYcThkmwqQJlZcoy1cFZ01GKsfuMaUATpiZw/manifest/video.m3u8,./Acoustic Fingerstyle Level 3 _ Guitar Club/Unit 1 - Chord Breakout/Section A lesson note.pdf,Download timed out after 300 seconds
Acoustic Fingerstyle Level 3 _ Guitar Club,Unit 1 - Chord Breakout,Section B,./Acoustic Fingerstyle Level 3 _ Guitar Club/Unit 1 - Chord Breakout/Section B.mp4,https://www.guitarclub.io/courses/acoustic-fingerstyle-level-3/unit-1-chord-breakout/section-b-chord-breakout,https://customer-kqpudb4pzashaseu.cloudflarestream.com/eyJhbGciOiJSUzI1NiIsImtpZCI6IjA5ZmM5NjJlMzI3MzZmMDNjZWI1N2QzMzdjMTM5ZjQ5In0.eyJzdWIiOiIzNTFlYmE1NzFmZTE3ZjEyODhkNGQxODdlYWM1ZGMxMSIsImtpZCI6IjA5ZmM5NjJlMzI3MzZmMDNjZWI1N2QzMzdjMTM5ZjQ5IiwiZXhwIjoxNzQ4NDQ2NTg1LCJkb3dubG9hZGFibGUiOmZhbHNlLCJhY2Nlc3NSdWxlcyI6W3sidHlwZSI6ImFueSIsImFjdGlvbiI6ImFsbG93In1dfQ.NLdza_i3Y-czxf4KpGd5nkn6CAxfwBgz1rCYOfbIRxWELEn29nrgUsMAqn0tLERWYFLFSw4HQW9yy36jn6ineZx6-C9rBddh7uobt57jxby6MRNGryyJuvE7jCWTO1lzgp3DRMSmOHEVLhA9RSpbEnPzwNJLRkbPKjhJT2a0E6sylGJ025_IoU7VEC7Dr_1gSa5m1SnbYjjFrgnQ0vdmpJU9pyn3_VgdAOYO-z45EJW-LbaiHUVWyEbrYR7TRNTkgT7fx0r0mIVkcI27pCxQ8e9PMdentuoWYybgUhKKHjTE3nksQmrUUz4uaxJe9mm08Eq1rcH5Yb5e9JAKMi-xPg/manifest/video.m3u8,./Acoustic Fingerstyle Level 3 _ Guitar Club/Unit 1 - Chord Breakout/Section B lesson note.pdf,Download timed out after 300 seconds
Acoustic Fingerstyle Level 3 _ Guitar Club,Unit 1 - Chord Breakout,Section C,./Acoustic Fingerstyle Level 3 _ Guitar Club/Unit 1 - Chord Breakout/Section C.mp4,https://www.guitarclub.io/courses/acoustic-fingerstyle-level-3/unit-1-chord-breakout/section-c,https://customer-kqpudb4pzashaseu.cloudflarestream.com/eyJhbGciOiJSUzI1NiIsImtpZCI6IjA5ZmM5NjJlMzI3MzZmMDNjZWI1N2QzMzdjMTM5ZjQ5In0.eyJzdWIiOiJmOTczMTRjMDRmMzQ1MDUwM2NmYjk3ZjY5NWYzNDlhMyIsImtpZCI6IjA5ZmM5NjJlMzI3MzZmMDNjZWI1N2QzMzdjMTM5ZjQ5IiwiZXhwIjoxNzQ4NDQ2ODkzLCJkb3dubG9hZGFibGUiOmZhbHNlLCJhY2Nlc3NSdWxlcyI6W3sidHlwZSI6ImFueSIsImFjdGlvbiI6ImFsbG93In1dfQ.Y9YR7iD8DiHjUh4vba5AuqY2NeCR2huh4IUFOezTByGBhbzub4KZZTBYQYmSylffcEwj-VsPy0_wdeXGTP9M5wY_B6UJqz5f8i-VqWua-gsuQtSizngf2wRx1thjxl1Qbyaxkb9wizj0O1UOuktj-BFgjW6jZCOC3DY38yBXW0glrphzD-W_vpjqdvxCPapUTjcLbO7Tcsf5PzzxcAGMi5Vt_KjgPGghifW9RI-r7H44LZb1tM5Pieiqaa57WF5CB3JrlP5_3b1ZKQlqIn7t6yZp03zE1DcGri1_qcq0BGY9UeUa9JFewz9CYro1XyOn8gffM-axwIXKWpq4LMkT9g/manifest/video.m3u8,./Acoustic Fingerstyle Level 3 _ Guitar Club/Unit 1 - Chord Breakout/Section C lesson note.pdf,Download timed out after 300 seconds
Acoustic Fingerstyle Level 3 _ Guitar Club,Unit 2 - Celtic King,Section A,./Acoustic Fingerstyle Level 3 _ Guitar Club/Unit 2 - Celtic King/Section A.mp4,https://www.guitarclub.io/courses/acoustic-fingerstyle-level-3/unit-2-celtic-king/section-a-celtic-king,https://customer-kqpudb4pzashaseu.cloudflarestream.com/eyJhbGciOiJSUzI1NiIsImtpZCI6IjA5ZmM5NjJlMzI3MzZmMDNjZWI1N2QzMzdjMTM5ZjQ5In0.eyJzdWIiOiI5Y2Q0YzViNzY1NWEyNWU3N2VkOWQ2M2NjNzEyZjEzZiIsImtpZCI6IjA5ZmM5NjJlMzI3MzZmMDNjZWI1N2QzMzdjMTM5ZjQ5IiwiZXhwIjoxNzQ4NDQ3NDM0LCJkb3dubG9hZGFibGUiOmZhbHNlLCJhY2Nlc3NSdWxlcyI6W3sidHlwZSI6ImFueSIsImFjdGlvbiI6ImFsbG93In1dfQ.Oigh7lDgriqVbx7ugPXRjkIcOWPoNDE31_AKPsqqZIxoNqGJ3PvhoHXkXn4r9xzGTJTPzkP7Bw7Vbv1SM8VBbezHACiMnpmmPOPNjbhniOewxrKR4R0p_9rVU7UT9yyVw6uqITYS-uoKuOVH2iFHS7-JA62uKLEmd163YWMY7pR97ehEQqYP_GswUdUI0srbZwmYcNBIQfkfriGiwYs3VMtniB42e1fKEexf97vHqBhjRH7h41_SRAqwxzFTeO1K7QBmRHTgoF_vR1O-jIKdTQcAocb0gySYv_zsIw6VRzyq9KOJD4TZVYLGffG-DY4D6Jk2ToWeInMBcgWAUYpdVw/manifest/video.m3u8,./Acoustic Fingerstyle Level 3 _ Guitar Club/Unit 2 - Celtic King/Section A lesson note.pdf,Download timed out after 300 seconds
Acoustic Fingerstyle Level 3 _ Guitar Club,Unit 2 - Celtic King,Section B,./Acoustic Fingerstyle Level 3 _ Guitar Club/Unit 2 - Celtic King/Section B.mp4,https://www.guitarclub.io/courses/acoustic-fingerstyle-level-3/unit-2-celtic-king/section-b-celtic-king,https://customer-kqpudb4pzashaseu.cloudflarestream.com/eyJhbGciOiJSUzI1NiIsImtpZCI6IjA5ZmM5NjJlMzI3MzZmMDNjZWI1N2QzMzdjMTM5ZjQ5In0.eyJzdWIiOiJmYTA4MWJkNmNmMTNhN2U3YWRkZmQ3MTdiNTdjZmY0NyIsImtpZCI6IjA5ZmM5NjJlMzI3MzZmMDNjZWI1N2QzMzdjMTM5ZjQ5IiwiZXhwIjoxNzQ4NDQ3NzQzLCJkb3dubG9hZGFibGUiOmZhbHNlLCJhY2Nlc3NSdWxlcyI6W3sidHlwZSI6ImFueSIsImFjdGlvbiI6ImFsbG93In1dfQ.fJyhU4i-RekjeyU5xBQKNAWiWjjfXUsGy6-g5BBfk2XZb6S754SmgNbHtXoY81FCshAKunZ72hyN4xBT4AzGs9lQiU0qiL9-rd2wddHlocCma2uzbFbp0ePh_lRgvVeBfMehfyyjsOab7Or3zWAnUzSGVdyOr891pCzS18-TViWJTwRYRtTIMVzcETRT6CvGEBBFBjPVWF9dOaFI57kdVIDrddDQmdG-aUe9SrciPz62_DYmTcnpYqBUL3iU7BNOLv4NIrhyp2fg1Qa7c77AxaNWsNdKCKWqG6jsNUy_R8mHnIydrpxzmWHS1DC8S8RbG3JQB4dXdEKJKCEQMabkOA/manifest/video.m3u8,./Acoustic Fingerstyle Level 3 _ Guitar Club/Unit 2 - Celtic King/Section B lesson note.pdf,Download timed out after 300 seconds
Acoustic Fingerstyle Level 3 _ Guitar Club,Unit 2 - Celtic King,Mixolydian _ Major,./Acoustic Fingerstyle Level 3 _ Guitar Club/Unit 2 - Celtic King/Mixolydian _ Major.mp4,https://www.guitarclub.io/courses/acoustic-fingerstyle-level-3/unit-2-celtic-king/the-scales,https://customer-kqpudb4pzashaseu.cloudflarestream.com/eyJhbGciOiJSUzI1NiIsImtpZCI6IjA5ZmM5NjJlMzI3MzZmMDNjZWI1N2QzMzdjMTM5ZjQ5In0.eyJzdWIiOiJhZDhkYzg0ZGQ3YmQ0ODU2MjMxZDFkMWVmOTgwY2MxMCIsImtpZCI6IjA5ZmM5NjJlMzI3MzZmMDNjZWI1N2QzMzdjMTM5ZjQ5IiwiZXhwIjoxNzQ4NDQ4MDUxLCJkb3dubG9hZGFibGUiOmZhbHNlLCJhY2Nlc3NSdWxlcyI6W3sidHlwZSI6ImFueSIsImFjdGlvbiI6ImFsbG93In1dfQ.s_FhJ6Mnk6puDKx1eyleZU4dRL3fowY4wkFjckhbtQMrtSyOp7qpvowHv-iSeGEUPHL1AU7sNHhBE5AEnCc9ZyGKuNU_04h5c8riS2tzTvMk1Y7ZcTfE4655iDxDH-7RJ2VKJOLaL4NTDRkW-mmts1jeyV_M8ccJBpQzMDkQNSTMI_nhWRWksV1Wlh6VzjQ8ClB9HbGNPrpqaM-YIblRBFcuYviaclOhlG39IluKQcTtV7Pg5pASWmD3nm57q1ZqZh0aAk7f1R_lPCysfiHwNaYjpQVvRyzUQXmvGpWjanSP3wnRTeIgduuXlvFQ41SbvkcPsKRfagF7B8F81ffxVw/manifest/video.m3u8,./Acoustic Fingerstyle Level 3 _ Guitar Club/Unit 2 - Celtic King/Mixolydian _ Major lesson note.pdf,Download timed out after 300 seconds
